cruise,date,lter_station,cast,niskin,time_in,time_out,replicate,vol_filtered,filter_size,vol_extracted,sample,ninety_percent_acetone,dilution_during_reading,chl_cal_filename,tau_calibration,fd_calibration,rb,ra,blank,rb_blank,ra_blank,chl,phaeo,cal_date,personnel_filter,personnel_read,fluorometer,comments,comments_2,freeze,filter_mesh_size
EN608,2018-01-31 00:00:00,L1,1,2,2018-01-31 22:00:00,2018-02-02 00:05:30,a,282.0,0,7.0,1.0,0.0,1.0,Cal_012618_12mm,1.9020155646116341,0.4842368919391791,516.8,298.9,1.0526666666666666,515.7473333333332,297.8473333333333,5.522860458069147,1.2866295632915763,2018-01-26 00:00:00,Taylor,Emily & Ian,Aquafluor,,,False,WSW
EN608,2018-01-31 00:00:00,L1,1,2,2018-01-31 22:00:00,2018-02-02 00:05:30,b,282.0,0,7.0,1.0,0.0,1.0,Cal_012618_12mm,1.9020155646116341,0.4842368919391791,561.5,326.7,1.0526666666666666,560.4473333333333,325.64733333333334,5.951205303141973,1.4938580519640965,2018-01-26 00:00:00,Taylor,Emily & Ian,Aquafluor,,,False,WSW
EN608,2018-01-31 00:00:00,L1,1,5,2018-01-31 22:00:00,2018-02-02 00:05:30,a,287.0,0,7.0,1.0,0.0,1.0,Cal_012618_12mm,1.9020155646116341,0.4842368919391791,493.5,295.2,1.0526666666666666,492.44733333333335,294.14733333333334,4.938519420114102,1.6692213809073342,2018-01-26 00:00:00,Taylor,Emily & Ian,Aquafluor,,,False,WSW
EN608,2018-01-31 00:00:00,L1,1,5,2018-01-31 22:00:00,2018-02-02 00:05:30,b,285.0,0,7.0,1.0,0.0,1.0,Cal_012618_12mm,1.9020155646116341,0.4842368919391791,514.4,298.7,1.0526666666666666,513.3473333333333,297.64733333333334,5.409551173919394,1.3237356663477136,2018-01-26 00:00:00,Taylor,Emily & Ian,Aquafluor,,,False,WSW
EN608,2018-01-31 00:00:00,L1,1,5,2018-01-31 22:00:00,2018-02-02 00:05:30,a,285.0,0,7.0,1.0,0.0,1.0,Cal_012618_12mm,1.9020155646116341,0.4842368919391791,89.21,56.63,1.0526666666666666,88.15733333333333,55.57733333333334,0.8170754624306622,0.4401779554300894,2018-01-26 00:00:00,Taylor,Emily & Ian,Aquafluor,,,False,<10
EN608,2018-01-31 00:00:00,L1,1,5,2018-01-31 22:00:00,2018-02-02 00:05:30,b,283.0,0,7.0,1.0,0.0,1.0,Cal_012618_12mm,1.9020155646116341,0.4842368919391791,98.44,62.24,1.0526666666666666,97.38733333333332,61.18733333333334,0.9142776081379614,0.479665569425471,2018-01-26 00:00:00,Taylor,Emily & Ian,Aquafluor,,,False,<10
EN608,2018-01-31 00:00:00,L1,1,9,2018-01-31 22:00:00,2018-02-02 00:05:30,a,288.0,0,7.0,1.0,0.0,1.0,Cal_012618_12mm,1.9020155646116341,0.4842368919391791,508.7,296.8,1.0526666666666666,507.6473333333333,295.74733333333336,5.258894003370052,1.3617209350811283,2018-01-26 00:00:00,Taylor,Emily & Ian,Aquafluor,,,False,WSW
EN608,2018-01-31 00:00:00,L1,1,9,2018-01-31 22:00:00,2018-02-02 00:05:30,b,288.0,0,7.0,1.0,0.0,1.0,Cal_012618_12mm,1.9020155646116341,0.4842368919391791,530.0,307.7,1.0526666666666666,528.9473333333333,306.64733333333334,5.516999230529318,1.3476236657139344,2018-01-26 00:00:00,Taylor,Emily & Ian,Aquafluor,,,False,WSW
EN608,2018-01-31 00:00:00,L1,1,19,2018-01-31 22:00:00,2018-02-02 00:05:30,a,283.0,0,7.0,1.0,0.0,1.0,Cal_012618_12mm,1.9020155646116341,0.4842368919391791,520.7,311.9,1.0526666666666666,519.6473333333333,310.8473333333333,5.2735128336797334,1.8080757232730018,2018-01-26 00:00:00,Taylor,Emily & Ian,Aquafluor,,,False,WSW
EN608,2018-01-31 00:00:00,L1,1,19,2018-01-31 22:00:00,2018-02-02 00:05:30,b,283.0,0,7.0,1.0,0.0,1.0,Cal_012618_12mm,1.9020155646116341,0.4842368919391791,524.3,309.9,1.0526666666666666,523.2473333333332,308.8473333333333,5.414948043778423,1.621077384283908,2018-01-26 00:00:00,Taylor,Emily & Ian,Aquafluor,,,False,WSW
EN608,2018-01-31 00:00:00,L1,1,19,2018-01-31 22:00:00,2018-02-02 00:05:30,a,282.0,0,7.0,1.0,0.0,1.0,Cal_012618_12mm,1.9020155646116341,0.4842368919391791,73.0,47.69,1.0526666666666666,71.94733333333333,46.63733333333333,0.6415034336564028,0.4247356103601309,2018-01-26 00:00:00,Taylor,Emily & Ian,Aquafluor,,,False,<10
EN608,2018-01-31 00:00:00,L1,1,19,2018-01-31 22:00:00,2018-02-02 00:05:30,b,282.0,0,7.0,1.0,0.0,1.0,Cal_012618_12mm,1.9020155646116341,0.4842368919391791,69.83,46.56,1.0526666666666666,68.77733333333333,45.50733333333334,0.5897979020618129,0.4506066863024816,2018-01-26 00:00:00,Taylor,Emily & Ian,Aquafluor,,,False,<10
EN608,2018-02-01 00:00:00,L2,4,12,2018-02-01 07:30:00,2018-02-02 07:00:00,a,282.0,0,7.0,1.0,0.0,1.0,Cal_012618_12mm,1.9020155646116341,0.4842368919391791,367.3,212.6,1.0526666666666666,366.24733333333336,211.5473333333333,3.921002812589708,0.9154663921442752,2018-01-26 00:00:00,Emily,Emily & Ian,Aquafluor,,,False,WSW
EN608,2018-02-01 00:00:00,L2,4,12,2018-02-01 07:30:00,2018-02-02 07:00:00,b,282.0,0,7.0,1.0,0.0,1.0,Cal_012618_12mm,1.9020155646116341,0.4842368919391791,351.5,203.7,1.0526666666666666,350.4473333333333,202.6473333333333,3.7461164557256543,0.8868778328092771,2018-01-26 00:00:00,Emily,Emily & Ian,Aquafluor,,,False,WSW
EN608,2018-02-01 00:00:00,L2,4,12,2018-02-01 07:30:00,2018-02-02 07:00:00,a,283.0,0,7.0,1.0,0.0,1.0,Cal_012618_12mm,1.9020155646116341,0.4842368919391791,71.95,45.61,1.0526666666666666,70.89733333333334,44.55733333333333,0.6652506132141964,0.34983514762551504,2018-01-26 00:00:00,Emily,Emily & Ian,Aquafluor,,,False,<10
EN608,2018-02-01 00:00:00,L2,4,12,2018-02-01 07:30:00,2018-02-02 07:00:00,b,283.0,0,7.0,1.0,0.0,1.0,Cal_012618_12mm,1.9020155646116341,0.4842368919391791,97.49,61.12,1.0526666666666666,96.43733333333331,60.06733333333333,0.9185711770159574,0.4498566483688479,2018-01-26 00:00:00,Emily,Emily & Ian,Aquafluor,,,False,<10
EN608,2018-02-01 00:00:00,L2,4,12,2018-02-01 07:30:00,2018-02-02 07:00:00,a,200.0,0,7.0,1.0,0.0,1.0,Cal_012618_12mm,1.9020155646116341,0.4842368919391791,236.7,146.8,1.0526666666666666,235.6473333333333,145.7473333333334,3.2128144506855763,1.4854840071898534,2018-01-26 00:00:00,Emily,Emily & Ian,Aquafluor,Also read on 10AU Rynearson fluorometer,,False,>5
EN608,2018-02-01 00:00:00,L2,4,12,2018-02-01 07:30:00,2018-02-02 07:00:00,b,200.0,0,7.0,1.0,0.0,1.0,Cal_012618_12mm,1.9020155646116341,0.4842368919391791,225.3,134.2,1.0526666666666666,224.24733333333336,133.14733333333334,3.2556996268905016,1.036426318491407,2018-01-26 00:00:00,Emily,Emily & Ian,Aquafluor,Also read on 10AU Rynearson fluorometer,,False,>5
EN608,2018-02-01 00:00:00,L2,4,12,2018-02-01 07:30:00,2018-02-02 07:00:00,a,200.0,0,7.0,1.0,0.0,1.0,Cal_012618_12mm,1.9020155646116341,0.4842368919391791,228.3,133.6,1.0526666666666666,227.24733333333336,132.54733333333334,3.3843551555052738,0.8884292416626575,2018-01-26 00:00:00,Emily,Emily & Ian,Aquafluor,Also read on 10AU Rynearson fluorometer,,False,>20
EN608,2018-02-01 00:00:00,L2,4,12,2018-02-01 07:30:00,2018-02-02 07:00:00,b,200.0,0,7.0,1.0,0.0,1.0,Cal_012618_12mm,1.9020155646116341,0.4842368919391791,206.3,124.5,1.0526666666666666,205.24733333333336,123.44733333333332,2.923339511302339,1.0560980712869399,2018-01-26 00:00:00,Emily,Emily & Ian,Aquafluor,Also read on 10AU Rynearson fluorometer,,False,>20
EN608,2018-02-01 00:00:00,L2,4,4,2018-02-01 07:30:00,2018-02-02 07:00:00,a,283.0,0,7.0,1.0,0.0,1.0,Cal_012618_12mm,1.9020155646116341,0.4842368919391791,350.6,203.7,1.0526666666666666,349.54733333333337,202.6473333333333,3.710148636338856,0.9064746476429492,2018-01-26 00:00:00,Emily,Emily & Ian,Aquafluor,,,False,WSW
EN608,2018-02-01 00:00:00,L2,4,4,2018-02-01 07:30:00,2018-02-02 07:00:00,b,285.0,0,7.0,1.0,0.0,1.0,Cal_012618_12mm,1.9020155646116341,0.4842368919391791,359.7,208.9,1.0526666666666666,358.6473333333333,207.84733333333332,3.781920802165252,0.9199379332888244,2018-01-26 00:00:00,Emily,Emily & Ian,Aquafluor,,,False,WSW
EN608,2018-02-01 00:00:00,L2,4,4,2018-02-01 07:30:00,2018-02-02 07:00:00,a,286.0,0,7.0,1.0,0.0,1.0,Cal_012618_12mm,1.9020155646116341,0.4842368919391791,104.2,64.78,1.0526666666666666,103.14733333333334,63.72733333333333,0.9851594673648688,0.451420124960138,2018-01-26 00:00:00,Emily,Emily & Ian,Aquafluor,,,False,<10
EN608,2018-02-01 00:00:00,L2,4,4,2018-02-01 07:30:00,2018-02-02 07:00:00,b,288.0,0,7.0,1.0,0.0,1.0,Cal_012618_12mm,1.9020155646116341,0.4842368919391791,95.71,60.52,1.0526666666666666,94.65733333333333,59.46733333333334,0.8733387445898639,0.4579000225667491,2018-01-26 00:00:00,Emily,Emily & Ian,Aquafluor,,,False,<10
EN608,2018-02-01 00:00:00,L2,4,6,2018-02-01 07:30:00,2018-02-02 07:00:00,a,287.0,0,7.0,1.0,0.0,1.0,Cal_012618_12mm,1.9020155646116341,0.4842368919391791,368.7,213.7,1.0526666666666666,367.6473333333333,212.6473333333333,3.860163944113393,0.9167566717290271,2018-01-26 00:00:00,Emily,Emily & Ian,Aquafluor,,,False,WSW
EN608,2018-02-01 00:00:00,L2,4,6,2018-02-01 07:30:00,2018-02-02 07:00:00,b,285.0,0,7.0,1.0,0.0,1.0,Cal_012618_12mm,1.9020155646116341,0.4842368919391791,357.3,207.8,1.0526666666666666,356.24733333333336,206.74733333333336,3.7493180366293455,0.9276568356254624,2018-01-26 00:00:00,Emily,Emily & Ian,Aquafluor,,,False,WSW
EN608,2018-02-01 00:00:00,L2,4,1,2018-02-01 07:30:00,2018-02-02 07:00:00,a,282.0,0,7.0,1.0,0.0,1.0,Cal_012618_12mm,1.9020155646116341,0.4842368919391791,374.0,219.8,1.0526666666666666,372.94733333333335,218.74733333333336,3.908329888179269,1.0927482375247315,2018-01-26 00:00:00,Emily,Emily & Ian,Aquafluor,,,False,WSW
EN608,2018-02-01 00:00:00,L2,4,1,2018-02-01 07:30:00,2018-02-02 07:00:00,b,282.0,0,7.0,1.0,0.0,1.0,Cal_012618_12mm,1.9020155646116341,0.4842368919391791,382.6,222.1,1.0526666666666666,381.54733333333337,221.0473333333333,4.068008735750796,0.9856527952630704,2018-01-26 00:00:00,Emily,Emily & Ian,Aquafluor,,,False,WSW
EN608,2018-02-01 00:00:00,L3,5,1,2018-02-01 11:25:00,2018-02-02 20:30:00,a,282.0,0,7.0,1.0,0.0,1.0,Cal_012618_12mm,1.9020155646116341,0.4842368919391791,364.7,208.9,1.3165,363.3835,207.5835,3.948883246292672,0.7969634128989511,2018-01-26 00:00:00,Emily,Heidi,Aquafluor,,,False,WSW
EN608,2018-02-01 00:00:00,L3,5,1,2018-02-01 11:25:00,2018-02-02 20:30:00,b,282.0,0,7.0,1.0,0.0,1.0,Cal_012618_12mm,1.9020155646116341,0.4842368919391791,342.2,194.3,1.3165,340.8835,192.9835,3.748651040607741,0.6634053066169022,2018-01-26 00:00:00,Emily,Heidi,Aquafluor,,,False,WSW
EN608,2018-02-01 00:00:00,L3,5,5,2018-02-01 11:25:00,2018-02-02 20:30:00,a,287.0,0,7.0,1.0,0.0,1.0,Cal_012618_12mm,1.9020155646116341,0.4842368919391791,327.7,186.1,1.3165,326.3835,184.7835,3.5264465450739118,0.6245394879080108,2018-01-26 00:00:00,Emily,Heidi,Aquafluor,,,False,WSW
EN608,2018-02-01 00:00:00,L3,5,5,2018-02-01 11:25:00,2018-02-02 20:30:00,b,285.0,0,7.0,1.0,0.0,1.0,Cal_012618_12mm,1.9020155646116341,0.4842368919391791,328.6,188.2,1.3165,327.2835,186.8835,3.521098677877993,0.7065226386679571,2018-01-26 00:00:00,Emily,Heidi,Aquafluor,,,False,WSW
EN608,2018-02-01 00:00:00,L3,5,9,2018-02-01 11:25:00,2018-02-02 20:30:00,a,285.0,0,7.0,1.0,0.0,1.0,Cal_012618_12mm,1.9020155646116341,0.4842368919391791,320.6,182.5,1.3165,319.2835,181.1835,3.463416861929849,0.6352607998562536,2018-01-26 00:00:00,Emily,Heidi,Aquafluor,,,False,WSW
EN608,2018-02-01 00:00:00,L3,5,9,2018-02-01 11:25:00,2018-02-02 20:30:00,b,286.0,0,7.0,1.0,0.0,1.0,Cal_012618_12mm,1.9020155646116341,0.4842368919391791,317.4,181.2,1.3165,316.0835,179.8835,3.403823426055177,0.6512178188736657,2018-01-26 00:00:00,Emily,Heidi,Aquafluor,,,False,WSW
EN608,2018-02-01 00:00:00,L3,5,13,2018-02-01 11:25:00,2018-02-02 20:30:00,a,283.0,0,7.0,1.0,0.0,1.0,Cal_012618_12mm,1.9020155646116341,0.4842368919391791,311.9,175.4,1.3165,310.5835,174.08350000000004,3.4474832461555724,0.5184112279408712,2018-01-26 00:00:00,Emily,Heidi,Aquafluor,,,False,WSW
EN608,2018-02-01 00:00:00,L3,5,13,2018-02-01 11:25:00,2018-02-02 20:30:00,b,282.0,0,7.0,1.0,0.0,1.0,Cal_012618_12mm,1.9020155646116341,0.4842368919391791,313.3,178.7,1.3165,311.9835,177.3835,3.4115512512900747,0.6438524338328618,2018-01-26 00:00:00,Emily,Heidi,Aquafluor,,,False,WSW
EN608,2018-02-01 00:00:00,L4,8,2,2018-02-01 21:47:00,2018-02-02 20:55:00,a,282.0,0,6.0,1.0,0.0,1.0,Cal_012618_12mm,1.9020155646116341,0.4842368919391791,430.5,252.4,1.224,429.276,251.176,3.869224864284201,1.0528954135211792,2018-01-26 00:00:00,Taylor,Heidi & Ian,Aquafluor,,,False,WSW
EN608,2018-02-01 00:00:00,L4,8,2,2018-02-01 21:47:00,2018-02-02 20:55:00,b,282.0,0,6.0,1.0,0.0,1.0,Cal_012618_12mm,1.9020155646116341,0.4842368919391791,468.5,272.0,1.224,467.276,270.776,4.268965108544894,1.0372426515238613,2018-01-26 00:00:00,Taylor,Heidi & Ian,Aquafluor,,,False,WSW
EN608,2018-02-01 00:00:00,L4,8,4,2018-02-01 21:47:00,2018-02-02 20:55:00,a,282.0,0,6.0,1.0,0.0,1.0,Cal_012618_12mm,1.9020155646116341,0.4842368919391791,402.7,229.0,1.224,401.476,227.77599999999998,3.773634805874035,0.6899320492291519,2018-01-26 00:00:00,Taylor,Heidi & Ian,Aquafluor,,,False,WSW
EN608,2018-02-01 00:00:00,L4,8,4,2018-02-01 21:47:00,2018-02-02 20:55:00,b,282.0,0,6.0,1.0,0.0,1.0,Cal_012618_12mm,1.9020155646116341,0.4842368919391791,394.8,225.3,1.224,393.57599999999996,224.076,3.682389750118878,0.7086707945570401,2018-01-26 00:00:00,Taylor,Heidi & Ian,Aquafluor,,,False,WSW
EN608,2018-02-01 00:00:00,L4,8,9,2018-02-01 21:47:00,2018-02-02 20:55:00,a,287.0,0,6.0,1.0,0.0,1.0,Cal_012618_12mm,1.9020155646116341,0.4842368919391791,398.3,231.1,1.224,397.07599999999996,229.87599999999998,3.569139602520328,0.8571000562513957,2018-01-26 00:00:00,Taylor,Heidi & Ian,Aquafluor,,,False,WSW
EN608,2018-02-01 00:00:00,L4,8,9,2018-02-01 21:47:00,2018-02-02 20:55:00,b,285.0,0,6.0,1.0,0.0,1.0,Cal_012618_12mm,1.9020155646116341,0.4842368919391791,356.5,212.1,1.224,355.276,210.87599999999998,3.1040698967373763,0.9848206508021049,2018-01-26 00:00:00,Taylor,Heidi & Ian,Aquafluor,,,False,WSW
EN608,2018-02-01 00:00:00,L4,8,9,2018-02-01 21:47:00,2018-02-02 20:55:00,a,283.0,0,6.0,1.0,0.0,1.0,Cal_012618_12mm,1.9020155646116341,0.4842368919391791,82.37,50.43,1.224,81.146,49.206,0.6914449914110457,0.2694032886666492,2018-01-26 00:00:00,Taylor,Heidi & Ian,Aquafluor,,,False,<10
EN608,2018-02-01 00:00:00,L4,8,9,2018-02-01 21:47:00,2018-02-02 20:55:00,b,283.0,0,6.0,1.0,0.0,1.0,Cal_012618_12mm,1.9020155646116341,0.4842368919391791,89.84,53.98,1.224,88.616,52.756,0.7763061174702597,0.25386320870498025,2018-01-26 00:00:00,Taylor,Heidi & Ian,Aquafluor,,,False,<10
EN608,2018-02-01 00:00:00,L4,8,12,2018-02-01 21:47:00,2018-02-02 20:55:00,a,286.0,0,6.0,1.0,0.0,1.0,Cal_012618_12mm,1.9020155646116341,0.4842368919391791,391.8,234.2,1.224,390.57599999999996,232.976,3.3759759090389947,1.1256390127387543,2018-01-26 00:00:00,Taylor,Heidi & Ian,Aquafluor,,,False,WSW
EN608,2018-02-01 00:00:00,L4,8,12,2018-02-01 21:47:00,2018-02-02 20:55:00,b,286.0,0,6.0,1.0,0.0,1.0,Cal_012618_12mm,1.9020155646116341,0.4842368919391791,404.9,226.3,1.224,403.676,225.076,3.825820414685052,0.5231489217875835,2018-01-26 00:00:00,Taylor,Heidi & Ian,Aquafluor,,,False,WSW
EN608,2018-02-01 00:00:00,L4,8,12,2018-02-01 21:47:00,2018-02-02 20:55:00,a,288.0,0,6.0,1.0,0.0,1.0,Cal_012618_12mm,1.9020155646116341,0.4842368919391791,56.46,35.6,1.224,55.236,34.376000000000005,0.4437424482315081,0.2158657476054724,2018-01-26 00:00:00,Taylor,Heidi & Ian,Aquafluor,,,False,<10
EN608,2018-02-01 00:00:00,L4,8,12,2018-02-01 21:47:00,2018-02-02 20:55:00,b,283.0,0,6.0,1.0,0.0,1.0,Cal_012618_12mm,1.9020155646116341,0.4842368919391791,66.5,42.77,1.224,65.27600000000001,41.54600000000001,0.5137128881084567,0.29755814884045034,2018-01-26 00:00:00,Taylor,Heidi & Ian,Aquafluor,,,False,<10
EN608,2018-02-01 00:00:00,L4,8,16,2018-02-01 21:47:00,2018-02-02 20:55:00,a,282.0,0,6.0,1.0,0.0,1.0,Cal_012618_12mm,1.9020155646116341,0.4842368919391791,399.1,227.9,1.224,397.876,226.676,3.7193222726864414,0.7226886522897191,2018-01-26 00:00:00,Taylor,Heidi & Ian,Aquafluor,,,False,WSW
EN608,2018-02-01 00:00:00,L4,8,16,2018-02-01 21:47:00,2018-02-02 20:55:00,b,225.0,0,6.0,1.0,0.0,1.0,Cal_012618_12mm,1.9020155646116341,0.4842368919391791,258.8,145.1,1.224,257.57599999999996,143.876,3.0959012917459625,0.4377934267736153,2018-01-26 00:00:00,Taylor,Heidi & Ian,Aquafluor,,,False,WSW
EN608,2018-02-01 00:00:00,L4,8,16,2018-02-01 21:47:00,2018-02-02 20:55:00,a,175.0,0,6.0,1.0,0.0,1.0,Cal_012618_12mm,1.9020155646116341,0.4842368919391791,53.2,32.84,1.224,51.976000000000006,31.616000000000003,0.7127691326793947,0.2856021135787274,2018-01-26 00:00:00,Taylor,Heidi & Ian,Aquafluor,,,False,<10
EN608,2018-02-01 00:00:00,L4,8,16,2018-02-01 21:47:00,2018-02-02 20:55:00,b,175.0,0,6.0,1.0,0.0,1.0,Cal_012618_12mm,1.9020155646116341,0.4842368919391791,50.22,30.63,1.224,48.996,29.406,0.6858127362077279,0.24277104629057444,2018-01-26 00:00:00,Taylor,Heidi & Ian,Aquafluor,,,False,<10
EN608,2018-02-01 00:00:00,L5,9,2,2018-02-02 01:50:00,2018-02-03 06:45:00,a,282.0,0,4.5,1.0,0.0,1.0,Cal_012618_12mm,1.9020155646116341,0.4842368919391791,404.6,235.0,1.3481666666666667,403.25183333333337,233.65183333333331,2.763421688584786,0.6706118978140024,2018-01-26 00:00:00,Taylor,Emily,Aquafluor,,,False,WSW
EN608,2018-02-01 00:00:00,L5,9,2,2018-02-02 01:50:00,2018-02-03 06:45:00,b,282.0,0,6.0,1.0,0.0,1.0,Cal_012618_12mm,1.9020155646116341,0.4842368919391791,314.6,184.9,1.3481666666666667,313.25183333333337,183.55183333333332,2.8177342217723798,0.7792025909738741,2018-01-26 00:00:00,Taylor,Emily,Aquafluor,,,False,WSW
EN608,2018-02-01 00:00:00,L5,9,4,2018-02-02 01:50:00,2018-02-03 06:45:00,a,282.0,0,6.0,1.0,0.0,1.0,Cal_012618_12mm,1.9020155646116341,0.4842368919391791,334.9,196.0,1.3481666666666667,333.5518333333333,194.65183333333331,3.0176043439027254,0.7968514001253381,2018-01-26 00:00:00,Taylor,Emily,Aquafluor,,,False,WSW
EN608,2018-02-01 00:00:00,L5,9,4,2018-02-02 01:50:00,2018-02-03 06:45:00,b,282.0,0,6.0,1.0,0.0,1.0,Cal_012618_12mm,1.9020155646116341,0.4842368919391791,313.7,182.3,1.3481666666666667,312.35183333333333,180.95183333333333,2.8546667443399443,0.6913196881060677,2018-01-26 00:00:00,Taylor,Emily,Aquafluor,,,False,WSW
EN608,2018-02-01 00:00:00,L5,9,9,2018-02-02 01:50:00,2018-02-03 06:45:00,a,287.0,0,6.0,1.0,0.0,1.0,Cal_012618_12mm,1.9020155646116341,0.4842368919391791,339.9,196.6,1.3481666666666667,338.5518333333333,195.2518333333333,3.058957566035664,0.70059718586487,2018-01-26 00:00:00,Taylor,Emily,Aquafluor,,,False,WSW
EN608,2018-02-01 00:00:00,L5,9,9,2018-02-02 01:50:00,2018-02-03 06:45:00,b,285.0,0,6.0,1.0,0.0,1.0,Cal_012618_12mm,1.9020155646116341,0.4842368919391791,309.0,180.5,1.3481666666666667,307.65183333333334,179.15183333333337,2.7622782668334684,0.7114799507495441,2018-01-26 00:00:00,Taylor,Emily,Aquafluor,,,False,WSW
EN608,2018-02-01 00:00:00,L5,9,9,2018-02-02 01:50:00,2018-02-03 06:45:00,a,283.0,0,6.0,1.0,0.0,1.0,Cal_012618_12mm,1.9020155646116341,0.4842368919391791,70.0,43.65,1.3481666666666667,68.65183333333333,42.301833333333335,0.5704312937908905,0.25559894240930103,2018-01-26 00:00:00,Taylor,Emily,Aquafluor,,,False,<10
EN608,2018-02-01 00:00:00,L5,9,9,2018-02-02 01:50:00,2018-02-03 06:45:00,b,285.0,0,6.0,1.0,0.0,1.0,Cal_012618_12mm,1.9020155646116341,0.4842368919391791,71.58,44.99,1.3481666666666667,70.23183333333333,43.64183333333334,0.5715873861097422,0.2746287778632093,2018-01-26 00:00:00,Taylor,Emily,Aquafluor,,,False,<10
EN608,2018-02-01 00:00:00,L5,9,12,2018-02-02 01:50:00,2018-02-03 06:45:00,a,282.0,0,6.0,1.0,0.0,1.0,Cal_012618_12mm,1.9020155646116341,0.4842368919391791,316.7,182.7,1.3481666666666667,315.35183333333333,181.35183333333333,2.911151778855042,0.642673173637161,2018-01-26 00:00:00,Taylor,Emily,Aquafluor,,,False,WSW
EN608,2018-02-01 00:00:00,L5,9,12,2018-02-02 01:50:00,2018-02-03 06:45:00,b,282.0,0,6.0,1.0,0.0,1.0,Cal_012618_12mm,1.9020155646116341,0.4842368919391791,295.4,171.2,1.3481666666666667,294.0518333333333,169.85183333333333,2.6982466487596732,0.6302208524045286,2018-01-26 00:00:00,Taylor,Emily,Aquafluor,,,False,WSW
EN608,2018-02-01 00:00:00,L5,9,16,2018-02-02 01:50:00,2018-02-03 06:45:00,a,282.0,0,6.0,1.0,0.0,1.0,Cal_012618_12mm,1.9020155646116341,0.4842368919391791,277.6,163.4,1.3481666666666667,276.25183333333337,162.05183333333338,2.4809965160092973,0.6946198442541742,2018-01-26 00:00:00,Taylor,Emily,Aquafluor,,,False,WSW
EN608,2018-02-01 00:00:00,L5,9,16,2018-02-02 01:50:00,2018-02-03 06:45:00,b,282.0,0,6.0,1.0,0.0,1.0,Cal_012618_12mm,1.9020155646116341,0.4842368919391791,284.7,165.5,1.3481666666666667,283.35183333333333,164.15183333333334,2.589621582384485,0.6271470081214913,2018-01-26 00:00:00,Taylor,Emily,Aquafluor,,,False,WSW
EN608,2018-02-01 00:00:00,L5,9,16,2018-02-02 01:50:00,2018-02-03 06:45:00,a,283.0,0,6.0,1.0,0.0,1.0,Cal_012618_12mm,1.9020155646116341,0.4842368919391791,70.99,44.59,1.3481666666666667,69.64183333333332,43.24183333333334,0.5715137061130744,0.2728719620115378,2018-01-26 00:00:00,Taylor,Emily,Aquafluor,,,False,<10
EN608,2018-02-01 00:00:00,L5,9,16,2018-02-02 01:50:00,2018-02-03 06:45:00,b,283.0,0,6.0,1.0,0.0,1.0,Cal_012618_12mm,1.9020155646116341,0.4842368919391791,122.6,73.37,1.3481666666666667,121.25183333333332,72.02183333333333,1.065743172422222,0.34063114547347617,2018-01-26 00:00:00,Taylor,Emily,Aquafluor,,,False,<10
EN608,2018-02-02 00:00:00,L6,12,1,2018-02-02 12:00:00,2018-02-03 14:15:00,a,282.0,0,6.0,1.0,0.0,1.0,Cal_012618_12mm,1.9020155646116341,0.4842368919391791,162.0,98.17,1.122,160.878,97.04799999999999,1.3867075973456513,0.5150741362612871,2018-01-26 00:00:00,Emily,Emily,Aquafluor,,,False,WSW
EN608,2018-02-02 00:00:00,L6,12,1,2018-02-02 12:00:00,2018-02-03 14:15:00,b,282.0,0,6.0,1.0,0.0,1.0,Cal_012618_12mm,1.9020155646116341,0.4842368919391791,191.1,112.5,1.122,189.97799999999998,111.37799999999999,1.7075860434179575,0.4750106708437852,2018-01-26 00:00:00,Emily,Emily,Aquafluor,,,False,WSW
EN608,2018-02-02 00:00:00,L6,12,4,2018-02-02 12:00:00,2018-02-03 14:15:00,a,282.0,0,6.0,1.0,0.0,1.0,Cal_012618_12mm,1.9020155646116341,0.4842368919391791,177.2,105.3,1.122,176.07799999999997,104.178,1.562028454475205,0.4794748989550939,2018-01-26 00:00:00,Emily,Emily,Aquafluor,,,False,WSW
EN608,2018-02-02 00:00:00,L6,12,4,2018-02-02 12:00:00,2018-02-03 14:15:00,b,282.0,0,6.0,1.0,0.0,1.0,Cal_012618_12mm,1.9020155646116341,0.4842368919391791,166.8,99.22,1.122,165.678,98.098,1.4681763971270434,0.454181451601148,2018-01-26 00:00:00,Emily,Emily,Aquafluor,,,False,WSW
EN608,2018-02-02 00:00:00,L6,12,8,2018-02-02 12:00:00,2018-02-03 14:15:00,a,287.0,0,6.0,1.0,0.0,1.0,Cal_012618_12mm,1.9020155646116341,0.4842368919391791,165.2,97.34,1.122,164.07799999999997,96.21799999999999,1.448575439156874,0.4040926405369514,2018-01-26 00:00:00,Emily,Emily,Aquafluor,,,False,WSW
EN608,2018-02-02 00:00:00,L6,12,8,2018-02-02 12:00:00,2018-02-03 14:15:00,b,285.0,0,6.0,1.0,0.0,1.0,Cal_012618_12mm,1.9020155646116341,0.4842368919391791,184.3,107.7,1.122,183.178,106.57799999999999,1.646618795637694,0.4199311046623062,2018-01-26 00:00:00,Emily,Emily,Aquafluor,,,False,WSW
EN608,2018-02-02 00:00:00,L6,12,8,2018-02-02 12:00:00,2018-02-03 14:15:00,a,285.0,0,6.0,1.0,0.0,1.0,Cal_012618_12mm,1.9020155646116341,0.4842368919391791,69.25,42.91,1.122,68.128,41.788000000000004,0.5662133038785492,0.2440569886183675,2018-01-26 00:00:00,Emily,Emily,Aquafluor,,,False,<10
EN608,2018-02-02 00:00:00,L6,12,8,2018-02-02 12:00:00,2018-02-03 14:15:00,b,283.0,0,6.0,1.0,0.0,1.0,Cal_012618_12mm,1.9020155646116341,0.4842368919391791,50.41,32.47,1.122,49.288000000000004,31.348000000000003,0.38836954119956657,0.2237645864246169,2018-01-26 00:00:00,Emily,Emily,Aquafluor,,,False,<10
EN608,2018-02-02 00:00:00,L6,12,8,2018-02-02 12:00:00,2018-02-03 14:15:00,b,200.0,0,6.0,1.0,0.0,1.0,Cal_012618_12mm,1.9020155646116341,0.4842368919391791,124.2,72.47,1.122,123.07799999999999,71.348,1.584607260771952,0.3867938563292439,2018-01-26 00:00:00,Emily,Emily,Aquafluor,,,False,>20
EN608,2018-02-02 00:00:00,L6,12,8,2018-02-02 12:00:00,2018-02-03 14:15:00,a,200.0,0,6.0,1.0,0.0,1.0,Cal_012618_12mm,1.9020155646116341,0.4842368919391791,111.2,67.15,1.122,110.07799999999999,66.028,1.3493514370192243,0.4750539136557461,2018-01-26 00:00:00,Emily,Emily,Aquafluor,,,False,>5
EN608,2018-02-02 00:00:00,L6,12,8,2018-02-02 12:00:00,2018-02-03 14:15:00,b,200.0,0,6.0,1.0,0.0,1.0,Cal_012618_12mm,1.9020155646116341,0.4842368919391791,112.1,69.42,1.122,110.978,68.298,1.307385228875834,0.5797419995787476,2018-01-26 00:00:00,Emily,Emily,Aquafluor,,,False,>5
EN608,2018-02-02 00:00:00,L6,12,11,2018-02-02 12:00:00,2018-02-03 14:15:00,a,283.0,0,6.0,1.0,0.0,1.0,Cal_012618_12mm,1.9020155646116341,0.4842368919391791,187.1,110.3,1.122,185.97799999999998,109.178,1.662585326874399,0.4693395099813205,2018-01-26 00:00:00,Emily,Emily,Aquafluor,,,False,WSW
EN608,2018-02-02 00:00:00,L6,12,11,2018-02-02 12:00:00,2018-02-03 14:15:00,b,283.0,0,6.0,1.0,0.0,1.0,Cal_012618_12mm,1.9020155646116341,0.4842368919391791,164.9,96.93,1.122,163.77800000000005,95.80799999999999,1.4714313107767307,0.3994167975369663,2018-01-26 00:00:00,Emily,Emily,Aquafluor,,,False,WSW
EN608,2018-02-02 00:00:00,L6,12,14,2018-02-02 12:00:00,2018-02-03 14:15:00,a,282.0,0,6.0,1.0,0.0,1.0,Cal_012618_12mm,1.9020155646116341,0.4842368919391791,148.9,89.29,1.122,147.77800000000005,88.16799999999999,1.2950280413249928,0.4327385472564984,2018-01-26 00:00:00,Emily,Emily,Aquafluor,,,False,WSW
EN608,2018-02-02 00:00:00,L6,12,14,2018-02-02 12:00:00,2018-02-03 14:15:00,b,282.0,0,6.0,1.0,0.0,1.0,Cal_012618_12mm,1.9020155646116341,0.4842368919391791,217.3,124.7,1.122,216.178,123.57799999999999,2.011736229268484,0.4099353464020945,2018-01-26 00:00:00,Emily,Emily,Aquafluor,,,False,WSW
EN608,2018-02-02 00:00:00,L6,12,11,2018-02-02 12:00:00,2018-02-03 14:15:00,a,288.0,0,6.0,1.0,0.0,1.0,Cal_012618_12mm,1.9020155646116341,0.4842368919391791,67.39,42.09,1.122,66.268,40.968,0.5381919434447341,0.24790383753762055,2018-01-26 00:00:00,Emily,Emily,Aquafluor,,,False,<10
EN608,2018-02-02 00:00:00,L6,12,11,2018-02-02 12:00:00,2018-02-03 14:15:00,b,288.0,0,6.0,1.0,0.0,1.0,Cal_012618_12mm,1.9020155646116341,0.4842368919391791,134.6,77.68,1.122,133.47799999999998,76.558,1.210825510706493,0.2581727513626121,2018-01-26 00:00:00,Emily,Emily,Aquafluor,,,False,<10
EN608,2018-02-02 00:00:00,L6,12,11,2018-02-02 12:00:00,2018-02-03 14:15:00,a,200.0,0,6.0,1.0,0.0,1.0,Cal_012618_12mm,1.9020155646116341,0.4842368919391791,152.8,92.57,1.122,151.678,91.448,1.844981544873278,0.6817983138006882,2018-01-26 00:00:00,Emily,Emily,Aquafluor,,,False,>5
EN608,2018-02-02 00:00:00,L6,12,18,2018-02-02 12:00:00,2018-02-03 14:15:00,a,283.0,0,6.0,1.0,0.0,1.0,Cal_012618_12mm,1.9020155646116341,0.4842368919391791,235.4,137.1,1.122,234.278,135.97799999999998,2.1280226254134558,0.5272272918406341,2018-01-26 00:00:00,Emily,Emily,Aquafluor,,,False,WSW
EN608,2018-02-02 00:00:00,L6,12,18,2018-02-02 12:00:00,2018-02-03 14:15:00,b,282.0,0,6.0,1.0,0.0,1.0,Cal_012618_12mm,1.9020155646116341,0.4842368919391791,226.2,132.0,1.122,225.078,130.878,2.046496250508544,0.5182283160050252,2018-01-26 00:00:00,Emily,Emily,Aquafluor,,,False,WSW
EN608,2018-02-02 00:00:00,L6,12,18,2018-02-02 12:00:00,2018-02-03 14:15:00,a,283.0,0,6.0,1.0,0.0,1.0,Cal_012618_12mm,1.9020155646116341,0.4842368919391791,68.63,43.02,1.122,67.508,41.898,0.5544115914225696,0.2637329689703754,2018-01-26 00:00:00,Emily,Emily,Aquafluor,,,False,<10
EN608,2018-02-02 00:00:00,L6,12,18,2018-02-02 12:00:00,2018-02-03 14:15:00,b,282.0,0,6.0,1.0,0.0,1.0,Cal_012618_12mm,1.9020155646116341,0.4842368919391791,45.44,29.12,1.122,44.318000000000005,27.998,0.354552216648614,0.19410499398454764,2018-01-26 00:00:00,Emily,Emily,Aquafluor,,,False,<10
EN608,2018-02-02 00:00:00,L7,14,1,2018-02-02 17:30:00,2018-02-03 18:30:00,a,535.0,0,6.0,1.0,0.0,1.0,Cal_012618_12mm,1.9020155646116341,0.4842368919391791,69.85,48.89,1.0726666666666669,68.77733333333333,47.81733333333334,0.2400195709626736,0.2538983239000663,2018-01-26 00:00:00,Taylor,Emily,Aquafluor,,,False,WSW
EN608,2018-02-02 00:00:00,L7,14,1,2018-02-02 17:30:00,2018-02-03 18:30:00,b,540.0,0,6.0,1.0,0.0,1.0,Cal_012618_12mm,1.9020155646116341,0.4842368919391791,83.39,56.26,1.0726666666666669,82.31733333333334,55.18733333333333,0.3077975741903693,0.2569688112421658,2018-01-26 00:00:00,Taylor,Emily,Aquafluor,,,False,WSW
EN608,2018-02-02 00:00:00,L7,14,5,2018-02-02 17:30:00,2018-02-03 18:30:00,a,540.0,0,6.0,1.0,0.0,1.0,Cal_012618_12mm,1.9020155646116341,0.4842368919391791,54.51,36.31,1.0726666666666669,53.43733333333333,35.237333333333346,0.20648418172741306,0.15412141700203072,2018-01-26 00:00:00,Taylor,Emily,Aquafluor,,,False,WSW
EN608,2018-02-02 00:00:00,L7,14,5,2018-02-02 17:30:00,2018-02-03 18:30:00,b,535.0,0,6.0,1.0,0.0,1.0,Cal_012618_12mm,1.9020155646116341,0.4842368919391791,44.49,30.33,1.0726666666666669,43.41733333333333,29.25733333333333,0.16215062618470702,0.14005611521933334,2018-01-26 00:00:00,Taylor,Emily,Aquafluor,,,False,WSW
EN608,2018-02-02 00:00:00,L7,14,9,2018-02-02 17:30:00,2018-02-03 18:30:00,a,535.0,0,6.0,1.0,0.0,1.0,Cal_012618_12mm,1.9020155646116341,0.4842368919391791,160.4,100.3,1.0726666666666669,159.32733333333334,99.22733333333332,0.688224056052323,0.3367213387733341,2018-01-26 00:00:00,Taylor,Emily,Aquafluor,,,False,WSW
EN608,2018-02-02 00:00:00,L7,14,13,2018-02-02 17:30:00,2018-02-03 18:30:00,a,547.0,0,6.0,1.0,0.0,1.0,Cal_012618_12mm,1.9020155646116341,0.4842368919391791,266.9,158.6,1.0726666666666669,265.82733333333334,157.52733333333333,1.2129706406354914,0.3784749131309783,2018-01-26 00:00:00,Taylor,Emily,Aquafluor,,,False,WSW
EN608,2018-02-02 00:00:00,L7,14,13,2018-02-02 17:30:00,2018-02-03 18:30:00,b,547.0,0,6.0,1.0,0.0,1.0,Cal_012618_12mm,1.9020155646116341,0.4842368919391791,235.4,143.7,1.0726666666666669,234.3273333333333,142.62733333333333,1.0270490096608924,0.41386686618013546,2018-01-26 00:00:00,Taylor,Emily,Aquafluor,,,False,WSW
EN608,2018-02-02 00:00:00,L7,14,17,2018-02-02 17:30:00,2018-02-03 18:30:00,a,535.0,0,6.0,1.0,0.0,1.0,Cal_012618_12mm,1.9020155646116341,0.4842368919391791,476.5,287.2,1.0726666666666669,475.4273333333333,286.1273333333333,2.167734006833689,0.7877509667328583,2018-01-26 00:00:00,Taylor,Emily,Aquafluor,,,False,WSW
EN608,2018-02-02 00:00:00,L7,14,17,2018-02-02 17:30:00,2018-02-03 18:30:00,b,535.0,0,6.0,1.0,0.0,1.0,Cal_012618_12mm,1.9020155646116341,0.4842368919391791,500.7,292.4,1.0726666666666669,499.6273333333333,291.32733333333334,2.3853089995956545,0.6238881505864763,2018-01-26 00:00:00,Taylor,Emily,Aquafluor,,,False,WSW
EN608,2018-02-02 00:00:00,L7,14,22,2018-02-02 17:30:00,2018-02-03 18:30:00,a,540.0,0,6.0,1.0,0.0,1.0,Cal_012618_12mm,1.9020155646116341,0.4842368919391791,578.9,337.8,1.0726666666666669,577.8273333333333,336.7273333333333,2.7353481436527094,0.7105925720248569,2018-01-26 00:00:00,Taylor,Emily,Aquafluor,,,False,WSW
EN608,2018-02-02 00:00:00,L7,14,22,2018-02-02 17:30:00,2018-02-03 18:30:00,b,540.0,0,6.0,1.0,0.0,1.0,Cal_012618_12mm,1.9020155646116341,0.4842368919391791,517.3,304.6,1.0726666666666669,516.2273333333333,303.52733333333333,2.413142057880262,0.6930423611285009,2018-01-26 00:00:00,Taylor,Emily,Aquafluor,,,False,WSW
EN608,2018-02-02 00:00:00,L8,15,1,2018-02-02 22:00:00,2018-02-04 06:55:00,a,540.0,0,6.0,1.0,0.0,1.0,Cal_012618_12mm,1.9020155646116341,0.4842368919391791,61.29,40.63,0.9985,60.2915,39.6315,0.23439358211474484,0.17118026341024614,2018-01-26 00:00:00,Taylor,Emily,Aquafluor,,,False,WSW
EN608,2018-02-02 00:00:00,L8,15,1,2018-02-02 22:00:00,2018-02-04 06:55:00,b,535.0,0,6.0,1.0,0.0,1.0,Cal_012618_12mm,1.9020155646116341,0.4842368919391791,43.84,29.25,0.9985,42.8415,28.2515,0.16707469181037254,0.12474253081562135,2018-01-26 00:00:00,Taylor,Emily,Aquafluor,,,False,WSW
EN608,2018-02-02 00:00:00,L8,15,3,2018-02-02 22:00:00,2018-02-04 06:55:00,a,540.0,0,6.0,1.0,0.0,1.0,Cal_012618_12mm,1.9020155646116341,0.4842368919391791,81.55,50.63,0.9985,80.55149999999998,49.6315,0.3507962032423963,0.15711387621898146,2018-01-26 00:00:00,Taylor,Emily,Aquafluor,,,False,WSW
EN608,2018-02-02 00:00:00,L8,15,3,2018-02-02 22:00:00,2018-02-04 06:55:00,b,535.0,0,6.0,1.0,0.0,1.0,Cal_012618_12mm,1.9020155646116341,0.4842368919391791,87.58,54.85,0.9985,86.58149999999998,53.8515,0.37480155332100695,0.1814448464894,2018-01-26 00:00:00,Taylor,Emily,Aquafluor,,,False,WSW
EN608,2018-02-02 00:00:00,L8,15,5,2018-02-02 22:00:00,2018-02-04 06:55:00,a,540.0,0,6.0,1.0,0.0,1.0,Cal_012618_12mm,1.9020155646116341,0.4842368919391791,249.7,151.1,0.9985,248.7015,150.1015,1.1186450724353263,0.4174371493849289,2018-01-26 00:00:00,Taylor,Emily,Aquafluor,,,False,WSW
EN608,2018-02-02 00:00:00,L8,15,5,2018-02-02 22:00:00,2018-02-04 06:55:00,b,535.0,0,6.0,1.0,0.0,1.0,Cal_012618_12mm,1.9020155646116341,0.4842368919391791,345.5,206.2,0.9985,344.5015,205.2015,1.5951682364074642,0.5244123808584473,2018-01-26 00:00:00,Taylor,Emily,Aquafluor,,,False,WSW
EN608,2018-02-02 00:00:00,L8,15,8,2018-02-02 22:00:00,2018-02-04 06:55:00,a,535.0,0,6.0,1.0,0.0,1.0,Cal_012618_12mm,1.9020155646116341,0.4842368919391791,273.2,164.6,0.9985,272.2015,163.6015,1.2436128533657616,0.4462703509754784,2018-01-26 00:00:00,Taylor,Emily,Aquafluor,,,False,WSW
EN608,2018-02-02 00:00:00,L8,15,8,2018-02-02 22:00:00,2018-02-04 06:55:00,b,535.0,0,6.0,1.0,0.0,1.0,Cal_012618_12mm,1.9020155646116341,0.4842368919391791,317.1,191.7,0.9985,316.1015000000001,190.7015,1.4359949522289737,0.5338113263973285,2018-01-26 00:00:00,Taylor,Emily,Aquafluor,,,False,WSW
EN608,2018-02-02 00:00:00,L8,15,11,2018-02-02 22:00:00,2018-02-04 06:55:00,a,549.0,0,6.0,1.0,0.0,1.0,Cal_012618_12mm,1.9020155646116341,0.4842368919391791,360.3,213.8,0.9985,359.3015000000001,212.8015,1.6348369279264658,0.5071929821732718,2018-01-26 00:00:00,Taylor,Emily,Aquafluor,,,False,WSW
EN608,2018-02-02 00:00:00,L8,15,11,2018-02-02 22:00:00,2018-02-04 06:55:00,b,549.0,0,6.0,1.0,0.0,1.0,Cal_012618_12mm,1.9020155646116341,0.4842368919391791,305.5,184.9,0.9985,304.5015,183.9015,1.34581115022479,0.5053154325869236,2018-01-26 00:00:00,Taylor,Emily,Aquafluor,,,False,WSW
EN608,2018-02-02 00:00:00,L8,15,11,2018-02-02 22:00:00,2018-02-04 06:55:00,a,532.0,0,6.0,1.0,0.0,1.0,Cal_012618_12mm,1.9020155646116341,0.4842368919391791,104.8,66.72,0.9985,103.8015,65.72149999999999,0.43852511006539097,0.2441577905494828,2018-01-26 00:00:00,Taylor,Emily,Aquafluor,,,False,<10
EN608,2018-02-02 00:00:00,L8,15,11,2018-02-02 22:00:00,2018-02-04 06:55:00,b,532.0,0,6.0,1.0,0.0,1.0,Cal_012618_12mm,1.9020155646116341,0.4842368919391791,113.1,72.59,0.9985,112.1015,71.5915,0.4665087239692486,0.27714887482824896,2018-01-26 00:00:00,Taylor,Emily,Aquafluor,,,False,<10
EN608,2018-02-02 00:00:00,L8,15,15,2018-02-02 22:00:00,2018-02-04 06:55:00,a,547.0,0,6.0,1.0,0.0,1.0,Cal_012618_12mm,1.9020155646116341,0.4842368919391791,530.2,307.7,0.9985,529.2015,306.7015,2.492021860954728,0.6064800191962747,2018-01-26 00:00:00,Taylor,Emily,Aquafluor,,,False,WSW
EN608,2018-02-02 00:00:00,L8,15,15,2018-02-02 22:00:00,2018-02-04 06:55:00,b,547.0,0,6.0,1.0,0.0,1.0,Cal_012618_12mm,1.9020155646116341,0.4842368919391791,509.9,294.6,0.9985,508.9015,293.6015000000001,2.4113811535440566,0.5547758419879324,2018-01-26 00:00:00,Taylor,Emily,Aquafluor,,,False,WSW
EN608,2018-02-02 00:00:00,L8,15,15,2018-02-02 22:00:00,2018-02-04 06:55:00,a,532.0,0,6.0,1.0,0.0,1.0,Cal_012618_12mm,1.9020155646116341,0.4842368919391791,160.7,98.41,0.9985,159.70149999999995,97.4115,0.7173248189593804,0.29453835174192394,2018-01-26 00:00:00,Taylor,Emily,Aquafluor,,,False,<10
EN608,2018-02-02 00:00:00,L8,15,15,2018-02-02 22:00:00,2018-02-04 06:55:00,b,547.0,0,6.0,1.0,0.0,1.0,Cal_012618_12mm,1.9020155646116341,0.4842368919391791,143.3,90.01,0.9985,142.3015,89.0115,0.5968532358214715,0.3023999471758759,2018-01-26 00:00:00,Taylor,Emily,Aquafluor,,,False,<10
EN608,2018-02-02 00:00:00,L8,15,19,2018-02-02 22:00:00,2018-02-04 06:55:00,a,540.0,0,6.0,1.0,0.0,1.0,Cal_012618_12mm,1.9020155646116341,0.4842368919391791,500.6,291.5,0.9985,499.6015,290.5015,2.3722990329231917,0.6005839133639327,2018-01-26 00:00:00,Taylor,Emily,Aquafluor,,,False,WSW
EN608,2018-02-02 00:00:00,L8,15,19,2018-02-02 22:00:00,2018-02-04 06:55:00,b,540.0,0,6.0,1.0,0.0,1.0,Cal_012618_12mm,1.9020155646116341,0.4842368919391791,528.1,308.9,0.9985,527.1015,307.9015,2.486886408497196,0.6640615848392417,2018-01-26 00:00:00,Taylor,Emily,Aquafluor,,,False,WSW
EN608,2018-02-02 00:00:00,L8,15,19,2018-02-02 22:00:00,2018-02-04 06:55:00,a,547.0,0,6.0,1.0,0.0,1.0,Cal_012618_12mm,1.9020155646116341,0.4842368919391791,137.7,85.75,0.9985,136.70149999999998,84.7515,0.5818451041644856,0.2743707346743125,2018-01-26 00:00:00,Taylor,Emily,Aquafluor,,,False,<10
EN608,2018-02-02 00:00:00,L8,15,19,2018-02-02 22:00:00,2018-02-04 06:55:00,b,547.0,0,6.0,1.0,0.0,1.0,Cal_012618_12mm,1.9020155646116341,0.4842368919391791,149.7,94.32,0.9985,148.70149999999995,93.3215,0.6202614411670687,0.3225342191362284,2018-01-26 00:00:00,Taylor,Emily,Aquafluor,,,False,<10
EN608,2018-02-03 00:00:00,L11,19,1,,,a,535.0,0,6.0,1.0,0.0,1.0,Cal_012618_12mm,1.9020155646116341,0.4842368919391791,7.957000000000001,6.36,1.0191666666666668,6.937833333333333,5.340833333333333,0.01828775070741363,0.036879130691508985,2018-01-26 00:00:00,Taylor,Emily P,Aquafluor,not sure if switched a & b sample volumes,,True,WSW
EN608,2018-02-03 00:00:00,L11,19,1,,,b,540.0,0,6.0,1.0,0.0,1.0,Cal_012618_12mm,1.9020155646116341,0.4842368919391791,6.672000000000001,5.665,1.0191666666666668,5.652833333333333,4.645833333333333,0.011424701703269506,0.03611900697967682,2018-01-26 00:00:00,Taylor,Emily P,Aquafluor,not sure if switched a & b sample volumes,,True,WSW
EN608,2018-02-03 00:00:00,L11,19,3,,,a,535.0,0,6.0,1.0,0.0,1.0,Cal_012618_12mm,1.9020155646116341,0.4842368919391791,15.72,11.23,1.0191666666666668,14.700833333333335,10.210833333333332,0.05141640618427503,0.05405399446808869,2018-01-26 00:00:00,Taylor,Emily P,Aquafluor,not sure if switched a & b sample volumes,,True,WSW
EN608,2018-02-03 00:00:00,L11,19,3,,,b,540.0,0,6.0,1.0,0.0,1.0,Cal_012618_12mm,1.9020155646116341,0.4842368919391791,13.21,9.988999999999999,1.0191666666666668,12.190833333333336,8.969833333333334,0.03654316205186802,0.05525073418517193,2018-01-26 00:00:00,Taylor,Emily P,Aquafluor,not sure if switched a & b sample volumes,,True,WSW
EN608,2018-02-03 00:00:00,L11,19,5,,,a,535.0,0,6.0,1.0,0.0,1.0,Cal_012618_12mm,1.9020155646116341,0.4842368919391791,15.2,11.97,1.0191666666666668,14.180833333333332,10.950833333333335,0.03698774876953414,0.07612630778581651,2018-01-26 00:00:00,Taylor,Emily P,Aquafluor,,,True,WSW
EN608,2018-02-03 00:00:00,L11,19,5,,,b,535.0,0,6.0,1.0,0.0,1.0,Cal_012618_12mm,1.9020155646116341,0.4842368919391791,16.31,12.77,1.0191666666666668,15.290833333333332,11.750833333333333,0.040537656546176734,0.08083981179618681,2018-01-26 00:00:00,Taylor,Emily P,Aquafluor,,,True,WSW
EN608,2018-02-03 00:00:00,L11,19,7,,,a,535.0,0,6.0,1.0,0.0,1.0,Cal_012618_12mm,1.9020155646116341,0.4842368919391791,53.34,37.23,1.0191666666666668,52.32083333333334,36.21083333333333,0.18448069123132987,0.1895505924989533,2018-01-26 00:00:00,Taylor,Emily P,Aquafluor,,,True,WSW
EN608,2018-02-03 00:00:00,L11,19,7,,,b,525.0,0,6.0,1.0,0.0,1.0,Cal_012618_12mm,1.9020155646116341,0.4842368919391791,49.37,33.75,1.0191666666666668,48.35083333333333,32.73083333333334,0.18227658566555568,0.16224857950468385,2018-01-26 00:00:00,Taylor,Emily P,Aquafluor,,,True,WSW
EN608,2018-02-03 00:00:00,L11,19,9,,,a,549.0,0,6.0,1.0,0.0,1.0,Cal_012618_12mm,1.9020155646116341,0.4842368919391791,291.0,175.1,1.0191666666666668,289.9808333333333,174.08083333333332,1.293362456973907,0.4589106791416151,2018-01-26 00:00:00,Taylor,Emily P,Aquafluor,,,True,WSW
EN608,2018-02-03 00:00:00,L11,19,9,,,b,549.0,0,6.0,1.0,0.0,1.0,Cal_012618_12mm,1.9020155646116341,0.4842368919391791,272.1,166.1,1.0191666666666668,271.0808333333334,165.08083333333332,1.1828854222539618,0.4787949821801689,2018-01-26 00:00:00,Taylor,Emily P,Aquafluor,,,True,WSW
EN608,2018-02-03 00:00:00,L11,19,11,,,a,547.0,0,6.0,1.0,0.0,1.0,Cal_012618_12mm,1.9020155646116341,0.4842368919391791,514.8,306.1,1.0191666666666668,513.7808333333332,305.0808333333334,2.3374605050842754,0.7446683259823085,2018-01-26 00:00:00,Taylor,Emily P,Aquafluor,,,True,WSW
EN608,2018-02-03 00:00:00,L11,19,11,,,b,547.0,0,6.0,1.0,0.0,1.0,Cal_012618_12mm,1.9020155646116341,0.4842368919391791,564.0,326.4,1.0191666666666668,562.9808333333333,325.3808333333333,2.6611433445521038,0.6260695443592096,2018-01-26 00:00:00,Taylor,Emily P,Aquafluor,,,True,WSW
EN608,2018-02-03 00:00:00,L11,19,11,,,a,547.0,0,6.0,1.0,0.0,1.0,Cal_012618_12mm,1.9020155646116341,0.4842368919391791,166.4,106.3,1.0191666666666668,165.38083333333333,105.28083333333332,0.6731259049140633,0.39049086913887626,2018-01-26 00:00:00,Taylor,Emily P,Aquafluor,possible <10 mixup between N18 & N11 judging from readings,,True,<10
EN608,2018-02-03 00:00:00,L11,19,11,,,b,532.0,0,6.0,1.0,0.0,1.0,Cal_012618_12mm,1.9020155646116341,0.4842368919391791,242.1,147.0,1.0191666666666668,241.0808333333333,145.98083333333332,1.0951611861139359,0.4212165401122833,2018-01-26 00:00:00,Taylor,Emily P,Aquafluor,possible <10 mixup between N18 & N11 judging from readings,,True,<10
EN608,2018-02-03 00:00:00,L11,19,15,,,a,535.0,0,6.0,1.0,0.0,0.5,Cal_012618_12mm,1.9020155646116341,0.4842368919391791,254.2,149.1,1.0191666666666668,253.1808333333333,148.08083333333332,2.4070664988718518,0.6520657601215498,2018-01-26 00:00:00,Taylor,Emily P,Aquafluor,,,True,WSW
EN608,2018-02-03 00:00:00,L11,19,15,,,b,525.0,0,6.0,1.0,0.0,0.5,Cal_012618_12mm,1.9020155646116341,0.4842368919391791,267.4,160.7,1.0191666666666668,266.3808333333333,159.6808333333333,2.4902575788111134,0.8713473591640771,2018-01-26 00:00:00,Taylor,Emily P,Aquafluor,,,True,WSW
EN608,2018-02-03 00:00:00,L11,19,18,,,a,540.0,0,6.0,1.0,0.0,0.5,Cal_012618_12mm,1.9020155646116341,0.4842368919391791,286.5,171.4,1.0191666666666668,285.4808333333333,170.38083333333333,2.6116845403104683,0.8755420233448341,2018-01-26 00:00:00,Taylor,Emily P,Aquafluor,,,True,WSW
EN608,2018-02-03 00:00:00,L11,19,18,,,b,540.0,0,6.0,1.0,0.0,0.5,Cal_012618_12mm,1.9020155646116341,0.4842368919391791,282.7,168.8,1.0191666666666668,281.68083333333334,167.78083333333333,2.5844558570057536,0.8495558650026276,2018-01-26 00:00:00,Taylor,Emily P,Aquafluor,,,True,WSW
EN608,2018-02-03 00:00:00,L11,19,18,,,a,547.0,0,6.0,1.0,0.0,1.0,Cal_012618_12mm,1.9020155646116341,0.4842368919391791,223.9,140.6,1.0191666666666668,222.88083333333333,139.58083333333332,0.932968184348444,0.4771699288214525,2018-01-26 00:00:00,Taylor,Emily P,Aquafluor,possible <10 mixup between N18 & N11 judging from readings,,True,<10
EN608,2018-02-03 00:00:00,L11,19,18,,,b,520.0,0,6.0,1.0,0.0,1.0,Cal_012618_12mm,1.9020155646116341,0.4842368919391791,166.1,109.1,1.0191666666666668,165.08083333333332,108.08083333333332,0.6715535834287589,0.4770456742215093,2018-01-26 00:00:00,Taylor,Emily P,Aquafluor,possible <10 mixup between N18 & N11 judging from readings,,True,<10
